title_current,skills_gap,abilities_gap,knowledge_gap,overall_gap
"Postal Service Mail Sorters, Processors, and Processing Machine Operators",4.76,1.15,11.30,5.74
Food Preparation Workers,4.57,1.66,8.49,4.91
Cashiers,3.83,3.94,6.18,4.65
Laundry and Dry-Cleaning Workers,5.98,1.68,5.92,4.53
Fast Food and Counter Workers,3.83,4.81,4.88,4.51
Stockers and Order Fillers,5.38,0.37,7.52,4.42
Parking Attendants,4.05,1.30,7.63,4.32
"Locker Room, Coatroom, and Dressing Room Attendants",2.92,4.03,5.96,4.30
"Food Servers, Nonrestaurant",5.67,3.75,3.46,4.29
"Shipping, Receiving, and Inventory Clerks",4.09,2.69,5.88,4.22
Crossing Guards and Flaggers,5.05,2.21,5.35,4.20
Pharmacy Aides,3.19,2.47,6.91,4.19
Baristas,3.76,0.51,8.17,4.15
"Library Assistants, Clerical",3.77,2.43,6.17,4.12
Childcare Workers,3.45,2.18,6.46,4.03
"Cooks, Fast Food",5.08,3.24,3.71,4.01
Postal Service Mail Carriers,4.72,2.73,4.40,3.95
"Pourers and Casters, Metal",1.45,-1.85,12.16,3.92
"Mail Clerks and Mail Machine Operators, Except Postal Service",4.69,2.20,4.63,3.84
"Ushers, Lobby Attendants, and Ticket Takers",3.04,4.12,4.11,3.76
Shampooers,4.49,2.47,4.16,3.71
Dishwashers,,-2.77,10.10,3.67
"Janitors and Cleaners, Except Maids and Housekeeping Cleaners",7.53,0.19,3.25,3.66
"Hosts and Hostesses, Restaurant, Lounge, and Coffee Shop",3.00,4.07,3.63,3.56
Animal Caretakers,3.93,2.27,4.46,3.55
Postal Service Clerks,3.47,1.14,6.04,3.55
Costume Attendants,2.71,2.24,5.58,3.51
Parking Enforcement Workers,3.19,2.65,4.57,3.47
"Office Machine Operators, Except Computer",3.01,2.54,4.71,3.42
Library Technicians,2.87,2.58,4.80,3.42
Couriers and Messengers,4.63,1.16,4.33,3.37
Gambling Cage Workers,3.41,2.29,4.40,3.37
"Graders and Sorters, Agricultural Products",,1.06,5.66,3.36
"Weighers, Measurers, Checkers, and Samplers, Recordkeeping",2.74,1.90,5.34,3.33
Dining Room and Cafeteria Attendants and Bartender Helpers,4.17,0.65,5.12,3.31
Gambling Change Persons and Booth Cashiers,4.31,2.81,2.81,3.31
"Painters, Construction and Maintenance",3.51,0.05,6.29,3.28
Manicurists and Pedicurists,4.31,0.51,5.00,3.27
Structural Metal Fabricators and Fitters,6.36,-0.97,4.42,3.27
Amusement and Recreation Attendants,4.22,2.41,3.16,3.27
Counter and Rental Clerks,2.97,2.14,4.65,3.25
Waiters and Waitresses,2.76,0.71,6.28,3.25
"Helpers--Painters, Paperhangers, Plasterers, and Stucco Masons",5.18,-1.81,6.05,3.14
"Meter Readers, Utilities",4.28,0.87,4.26,3.14
"Stone Cutters and Carvers, Manufacturing",5.14,-1.20,5.40,3.11
Home Health Aides,2.57,1.38,5.30,3.08
Physical Therapist Aides,3.34,2.88,2.97,3.06
Tellers,3.00,1.37,4.74,3.04
"Umpires, Referees, and Other Sports Officials",3.27,-0.77,6.52,3.01
Bartenders,2.99,0.82,4.95,2.92
Barbers,3.50,-0.48,5.75,2.92
Personal Care Aides,1.83,2.61,4.27,2.90
Log Graders and Scalers,3.85,1.07,3.66,2.86
"Teaching Assistants, Special Education",1.93,1.17,5.33,2.81
Funeral Attendants,2.19,4.01,2.22,2.81
Forest and Conservation Workers,4.06,-0.56,4.89,2.80
Light Truck Drivers,3.33,-0.63,5.39,2.70
Gambling and Sports Book Writers and Runners,2.96,2.92,2.20,2.69
"Substitute Teachers, Short-Term",2.04,1.50,4.50,2.68
Nursing Assistants,1.75,0.97,5.29,2.67
Retail Salespersons,1.17,2.73,4.11,2.67
Tire Repairers and Changers,4.78,-0.35,3.56,2.66
"Office Clerks, General",2.44,2.66,2.87,2.66
Driver/Sales Workers,2.95,0.99,4.02,2.65
Histology Technicians,3.10,0.75,3.97,2.61
Gambling Dealers,3.69,0.88,3.21,2.59
Craft Artists,4.64,-0.57,3.67,2.58
"Credit Authorizers, Checkers, and Clerks",2.10,2.73,2.87,2.57
"Pesticide Handlers, Sprayers, and Applicators, Vegetation",2.57,0.97,4.14,2.56
"Cooks, Restaurant",3.26,0.12,4.27,2.55
Receptionists and Information Clerks,2.79,1.57,3.29,2.55
Shoe and Leather Workers and Repairers,5.62,1.23,0.78,2.54
Prepress Technicians and Workers,2.91,1.59,3.10,2.53
Nannies,1.58,1.27,4.75,2.53
"Switchboard Operators, Including Answering Service",2.58,2.26,2.75,2.53
Tour Guides and Escorts,2.63,1.16,3.80,2.53
"Cooks, Short Order",3.97,-0.65,4.22,2.51
Billing and Posting Clerks,3.60,2.48,1.43,2.50
"Title Examiners, Abstractors, and Searchers",1.41,1.11,4.88,2.47
Animal Trainers,2.24,0.73,4.41,2.46
Fishing and Hunting Workers,4.44,-2.45,5.35,2.45
"Door-to-Door Sales Workers, News and Street Vendors, and Related Workers",0.75,2.88,3.67,2.43
Skincare Specialists,2.39,1.16,3.70,2.42
Cargo and Freight Agents,2.53,2.26,2.45,2.41
Medical Secretaries and Administrative Assistants,2.10,2.25,2.75,2.36
"Bookkeeping, Accounting, and Auditing Clerks",2.88,1.06,3.13,2.36
Jewelers and Precious Stone and Metal Workers,4.62,0.74,1.68,2.35
"Packers and Packagers, Hand",5.30,0.08,1.63,2.34
Photographic Process Workers and Processing Machine Operators,1.42,0.68,4.89,2.33
"Hotel, Motel, and Resort Desk Clerks",1.70,2.58,2.70,2.33
Bakers,3.53,1.27,2.15,2.32
Maids and Housekeeping Cleaners,2.16,0.37,4.40,2.31
Telephone Operators,2.17,0.96,3.76,2.29
Team Assemblers,2.75,1.20,2.84,2.27
Farm Labor Contractors,1.69,2.59,2.50,2.26
First-Line Supervisors of Housekeeping and Janitorial Workers,1.69,2.50,2.55,2.25
Motion Picture Projectionists,2.54,-0.06,4.23,2.24
Animal Breeders,4.04,0.46,2.20,2.23
Occupational Therapy Aides,2.24,2.02,2.43,2.23
Massage Therapists,3.03,-0.86,4.49,2.22
Insurance Claims and Policy Processing Clerks,2.39,2.54,1.70,2.21
Passenger Attendants,1.44,2.01,3.13,2.19
"Plating Machine Setters, Operators, and Tenders, Metal and Plastic",2.13,-0.04,4.49,2.19
File Clerks,3.37,1.33,1.85,2.18
Veterinary Assistants and Laboratory Animal Caretakers,2.94,1.01,2.60,2.18
Floral Designers,1.83,-0.29,5.00,2.18
Merchandise Displayers and Window Trimmers,2.72,-0.71,4.51,2.18
Bill and Account Collectors,1.65,1.59,3.19,2.15
"Paper Goods Machine Setters, Operators, and Tenders",1.52,0.05,4.87,2.14
Demonstrators and Product Promoters,1.94,2.06,2.41,2.14
Proofreaders and Copy Markers,2.20,1.41,2.80,2.13
"Cooks, Institution and Cafeteria",2.21,1.27,2.91,2.13
"Tailors, Dressmakers, and Custom Sewers",3.88,-0.67,3.09,2.10
Tile and Stone Setters,3.28,-0.78,3.77,2.09
Brokerage Clerks,1.58,0.83,3.83,2.08
Upholsterers,3.69,-2.01,4.52,2.07
Print Binding and Finishing Workers,2.66,0.17,3.36,2.06
"Preschool Teachers, Except Special Education",1.14,1.21,3.82,2.05
"Farmworkers, Farm, Ranch, and Aquacultural Animals",2.27,-0.07,3.92,2.04
"Meat, Poultry, and Fish Cutters and Trimmers",5.47,0.72,-0.08,2.04
"Cooks, Private Household",3.12,1.39,1.53,2.01
First-Line Supervisors of Food Preparation and Serving Workers,0.90,1.24,3.89,2.01
Psychiatric Aides,1.60,0.47,3.96,2.01
Customer Service Representatives,1.43,1.61,2.95,2.00
Telemarketers,0.65,1.02,4.31,1.99
Surveying and Mapping Technicians,2.44,1.68,1.86,1.99
Pest Control Workers,1.71,-0.10,4.37,1.99
"Lifeguards, Ski Patrol, and Other Recreational Protective Service Workers",2.36,-0.42,4.03,1.99
Histotechnologists,2.05,-0.24,4.13,1.98
"Floor Layers, Except Carpet, Wood, and Hard Tiles",5.32,0.18,0.43,1.98
Travel Guides,0.48,0.47,4.91,1.95
Fiberglass Laminators and Fabricators,3.71,-0.43,2.57,1.95
"Aircraft Structure, Surfaces, Rigging, and Systems Assemblers",2.15,-0.70,4.39,1.95
Dental Assistants,3.27,0.12,2.45,1.95
"First-Line Supervisors of Helpers, Laborers, and Material Movers, Hand",1.28,0.50,4.03,1.93
Self-Enrichment Teachers,2.64,2.19,0.94,1.92
New Accounts Clerks,1.49,1.91,2.37,1.92
Museum Technicians and Conservators,2.04,-0.57,4.25,1.91
Cement Masons and Concrete Finishers,3.71,-1.40,3.41,1.91
Dental Laboratory Technicians,2.96,-0.56,3.27,1.89
Helpers--Carpenters,4.59,0.02,1.04,1.88
Sheet Metal Workers,3.54,-0.45,2.50,1.86
Bridge and Lock Tenders,2.19,0.06,3.33,1.86
Gem and Diamond Workers,2.44,-1.83,4.89,1.83
Appraisers and Assessors of Real Estate,2.41,1.04,2.02,1.82
Electromechanical Equipment Assemblers,1.83,0.67,2.95,1.82
"Teaching Assistants, Preschool, Elementary, Middle, and Secondary School, Except Special Education",1.50,1.01,2.90,1.80
Endoscopy Technicians,1.91,-0.24,3.70,1.79
Butchers and Meat Cutters,3.52,0.30,1.57,1.79
"Geological Technicians, Except Hydrologic Technicians",1.73,0.87,2.77,1.79
Phlebotomists,2.40,0.13,2.83,1.79
Travel Agents,0.79,1.08,3.36,1.74
Forest and Conservation Technicians,2.13,-0.92,4.00,1.73
Animal Control Workers,2.62,0.47,2.01,1.70
"Ambulance Drivers and Attendants, Except Emergency Medical Technicians",2.75,-1.42,3.77,1.70
Traffic Technicians,1.88,0.98,2.19,1.68
"Fine Artists, Including Painters, Sculptors, and Illustrators",3.93,-1.00,2.07,1.67
"Extruding and Forming Machine Setters, Operators, and Tenders, Synthetic and Glass Fibers",0.50,-0.81,5.30,1.66
"Layout Workers, Metal and Plastic",2.72,-0.44,2.69,1.66
"Insulation Workers, Floor, Ceiling, and Wall",4.17,-2.58,3.32,1.63
"Painting, Coating, and Decorating Workers",,-0.27,3.53,1.63
Ophthalmic Medical Technicians,2.61,0.66,1.59,1.62
Orderlies,4.40,-1.00,1.43,1.61
Social Science Research Assistants,0.96,0.88,2.99,1.61
Insurance Underwriters,1.06,0.62,3.13,1.61
Cleaners of Vehicles and Equipment,-1.40,-2.35,8.52,1.59
Food Science Technicians,2.24,0.76,1.75,1.58
Fence Erectors,4.05,-1.85,2.53,1.58
"Morticians, Undertakers, and Funeral Arrangers",0.13,1.19,3.40,1.57
Semiconductor Processing Technicians,0.96,0.08,3.67,1.57
Food Batchmakers,2.35,0.93,1.40,1.56
Recreation Workers,0.51,1.13,3.03,1.56
First-Line Supervisors of Retail Sales Workers,0.47,1.58,2.61,1.55
Plasterers and Stucco Masons,2.54,-1.89,3.99,1.55
"Hairdressers, Hairstylists, and Cosmetologists",2.52,-0.17,2.27,1.54
Online Merchants,1.51,1.91,1.18,1.53
Procurement Clerks,0.80,1.42,2.37,1.53
Recycling Coordinators,1.33,1.87,1.38,1.53
"Food and Tobacco Roasting, Baking, and Drying Machine Operators and Tenders",2.07,-0.38,2.81,1.50
"Inspectors, Testers, Sorters, Samplers, and Weighers",2.32,0.70,1.47,1.50
Helpers--Roofers,2.71,-1.68,3.38,1.47
Etchers and Engravers,2.38,0.36,1.63,1.46
Retail Loss Prevention Specialists,1.97,0.86,1.52,1.45
Embalmers,1.99,0.00,2.35,1.45
Bailiffs,2.09,0.92,1.32,1.45
"Cutting, Punching, and Press Machine Setters, Operators, and Tenders, Metal and Plastic",0.45,-0.55,4.38,1.43
Agricultural Technicians,2.69,0.60,0.97,1.42
Cooling and Freezing Equipment Operators and Tenders,0.18,0.23,3.85,1.42
Appraisers of Personal and Business Property,2.10,-0.41,2.54,1.41
Medical and Clinical Laboratory Technicians,2.17,0.32,1.72,1.40
Biomass Plant Technicians,1.53,-0.84,3.50,1.40
Industrial Truck and Tractor Operators,-0.81,-2.81,7.77,1.38
Word Processors and Typists,3.81,1.81,-1.47,1.38
Agricultural Equipment Operators,-2.24,-2.20,8.59,1.38
Tax Preparers,1.98,1.38,0.76,1.38
Electrical and Electronic Equipment Assemblers,2.94,-0.22,,1.36
Insurance Sales Agents,0.16,0.92,3.00,1.36
"Patternmakers, Metal and Plastic",2.10,1.01,0.97,1.36
"Laborers and Freight, Stock, and Material Movers, Hand",1.61,-2.07,4.52,1.36
"Wholesale and Retail Buyers, Except Farm Products",0.22,0.79,3.05,1.35
Furniture Finishers,2.97,-1.20,2.27,1.35
Glaziers,3.88,-0.60,0.76,1.35
Locksmiths and Safe Repairers,1.20,-0.37,3.19,1.34
Dietetic Technicians,2.71,1.90,-0.59,1.34
Foundry Mold and Coremakers,1.94,-2.18,4.24,1.33
Athletes and Sports Competitors,2.46,-2.95,4.44,1.31
"Tank Car, Truck, and Ship Loaders",2.21,-2.46,4.14,1.30
Correspondence Clerks,0.82,1.50,1.54,1.29
Psychiatric Technicians,0.46,0.11,3.28,1.28
Power Distributors and Dispatchers,0.79,-0.05,3.12,1.28
Drywall and Ceiling Tile Installers,5.56,-1.75,-0.05,1.25
Automotive Body and Related Repairers,1.33,-1.10,3.50,1.24
Gambling Surveillance Officers and Gambling Investigators,2.37,-1.11,2.46,1.24
Surgical Technologists,1.68,-0.74,2.78,1.24
Pharmacy Technicians,1.97,-0.27,2.03,1.24
Ophthalmic Medical Technologists,1.88,-0.32,2.16,1.24
Parts Salespersons,1.70,0.85,1.11,1.22
Food Service Managers,0.26,0.94,2.44,1.22
Reservation and Transportation Ticket Agents and Travel Clerks,1.43,1.24,0.96,1.21
Solar Sales Representatives and Assessors,0.81,1.02,1.78,1.20
Packaging and Filling Machine Operators and Tenders,0.59,-0.64,3.65,1.20
Data Warehousing Specialists,0.84,0.30,2.45,1.20
Musicians and Singers,3.22,-1.11,1.47,1.19
Residential Advisors,0.44,1.04,2.09,1.19
Weatherization Installers and Technicians,1.19,-0.74,3.05,1.17
Paperhangers,4.92,-3.07,1.65,1.17
Concierges,0.92,1.97,0.57,1.15
"Computer, Automated Teller, and Office Machine Repairers",0.86,0.33,2.27,1.15
Nuclear Monitoring Technicians,1.00,-1.29,3.73,1.15
Order Clerks,2.24,0.75,0.44,1.14
"Insurance Appraisers, Auto Damage",1.34,0.68,1.37,1.13
"Crushing, Grinding, and Polishing Machine Setters, Operators, and Tenders",0.51,-1.32,4.19,1.13
First-Line Supervisors of Gambling Services Workers,0.77,-0.14,2.74,1.12
Carpet Installers,2.07,-1.70,3.00,1.12
"Makeup Artists, Theatrical and Performance",2.26,-1.27,2.35,1.12
Shoe Machine Operators and Tenders,2.65,-2.23,2.89,1.10
Security and Fire Alarm Systems Installers,0.86,0.13,2.31,1.10
Radiologic Technologists and Technicians,0.90,-0.32,2.67,1.08
Food Cooking Machine Operators and Tenders,2.34,0.26,0.64,1.08
"First-Line Supervisors of Farming, Fishing, and Forestry Workers",0.39,0.25,2.58,1.07
Fabric and Apparel Patternmakers,2.53,-0.62,1.27,1.06
Helpers--Production Workers,,-1.49,3.60,1.06
"Bus Drivers, School",2.67,-2.02,2.51,1.05
"Cutters and Trimmers, Hand",,-0.24,2.34,1.05
"Sewers, Hand",,-4.09,6.16,1.04
Machinists,0.97,-0.37,2.50,1.03
Automotive Glass Installers and Repairers,0.54,0.27,2.29,1.03
"Forging Machine Setters, Operators, and Tenders, Metal and Plastic",1.46,-0.39,2.02,1.03
Riggers,2.22,-1.24,2.09,1.02
Cytotechnologists,1.76,-1.84,3.09,1.00
"Molding, Coremaking, and Casting Machine Setters, Operators, and Tenders, Metal and Plastic",1.63,-0.42,1.76,0.99
Landscaping and Groundskeeping Workers,-2.35,-3.22,8.52,0.99
"Lathe and Turning Machine Tool Setters, Operators, and Tenders, Metal and Plastic",0.63,-0.57,2.88,0.98
"Loading and Moving Machine Operators, Underground Mining",0.52,-1.67,4.08,0.98
Ophthalmic Laboratory Technicians,1.39,-1.42,2.96,0.97
"Opticians, Dispensing",1.13,-0.36,2.12,0.97
Transportation Security Screeners,2.31,-0.87,1.45,0.96
Fashion Designers,-0.30,-0.89,4.07,0.96
Security Guards,3.20,1.21,-1.53,0.96
Freight Forwarders,1.65,1.45,-0.22,0.96
Patient Representatives,-0.65,0.12,3.38,0.95
Sewing Machine Operators,3.86,-1.95,,0.95
"Welding, Soldering, and Brazing Machine Setters, Operators, and Tenders",2.59,-0.68,0.93,0.95
"Camera Operators, Television, Video, and Film",1.85,-1.12,2.10,0.94
"Coil Winders, Tapers, and Finishers",0.36,1.09,1.38,0.94
Occupational Therapy Assistants,1.20,-0.26,1.89,0.94
Audio and Video Technicians,1.48,-1.21,2.53,0.93
Data Entry Keyers,3.70,1.43,-2.33,0.93
Chemical Technicians,0.21,-0.92,3.47,0.92
Diagnostic Medical Sonographers,1.11,-0.69,2.33,0.92
Highway Maintenance Workers,1.18,-1.71,3.27,0.92
Stonemasons,2.96,-2.34,2.12,0.91
Medical Equipment Preparers,2.16,0.07,0.50,0.91
Conveyor Operators and Tenders,0.19,-1.14,3.67,0.91
"Court, Municipal, and License Clerks",1.98,1.95,-1.22,0.90
"Radio, Cellular, and Tower Equipment Installers and Repairers",0.89,0.08,1.73,0.90
Photographers,2.07,-0.54,1.16,0.90
Credit Counselors,0.42,0.49,1.75,0.89
"Securities, Commodities, and Financial Services Sales Agents",0.32,0.29,2.04,0.88
Transportation Inspectors,1.30,-0.22,1.55,0.88
Baggage Porters and Bellhops,2.55,-1.07,1.12,0.87
Railroad Conductors and Yardmasters,0.60,-1.11,3.11,0.87
Water and Wastewater Treatment Plant and System Operators,0.10,0.50,1.98,0.86
"Environmental Science and Protection Technicians, Including Health",0.75,-0.47,2.30,0.86
"Interviewers, Except Eligibility and Loan",1.00,0.64,0.91,0.85
Customs Brokers,1.11,0.69,0.75,0.85
Precision Agriculture Technicians,1.07,-0.48,1.95,0.85
Agricultural Inspectors,0.12,-0.83,3.24,0.84
Home Appliance Repairers,-0.61,-0.62,3.75,0.84
Talent Directors,0.17,-0.13,2.46,0.84
"Model Makers, Wood",3.18,-0.42,-0.27,0.83
Roofers,1.70,-2.23,3.01,0.83
Special Effects Artists and Animators,1.69,-1.01,1.80,0.83
"Transportation Vehicle, Equipment and Systems Inspectors, Except Aviation",1.38,0.57,0.51,0.82
"Buyers and Purchasing Agents, Farm Products",1.33,1.47,-0.35,0.82
Film and Video Editors,2.12,-0.48,0.81,0.82
"Entertainment and Recreation Managers, Except Gambling",-0.52,0.14,2.83,0.82
Photonics Technicians,0.58,-0.00,1.86,0.81
Telecommunications Line Installers and Repairers,1.41,-0.61,1.65,0.81
"Textile Knitting and Weaving Machine Setters, Operators, and Tenders",0.53,-2.02,3.93,0.81
Electrical and Electronics Drafters,1.76,0.49,0.18,0.81
Helpers--Electricians,2.80,-1.51,1.15,0.81
First-Line Supervisors of Production and Operating Workers,-0.01,-0.16,2.58,0.81
Web Administrators,0.84,-0.23,1.77,0.80
"Control and Valve Installers and Repairers, Except Mechanical Door",1.20,0.16,1.02,0.79
Payroll and Timekeeping Clerks,2.85,1.59,-2.06,0.79
Cardiovascular Technologists and Technicians,0.55,-1.28,3.10,0.79
Medical Transcriptionists,1.83,-0.03,0.54,0.78
Geographic Information Systems Technologists and Technicians,2.16,0.34,-0.17,0.78
"Production, Planning, and Expediting Clerks",1.60,0.98,-0.27,0.77
Funeral Home Managers,-0.07,0.90,1.47,0.77
Document Management Specialists,1.14,0.14,1.01,0.76
Range Managers,-0.31,-0.53,3.13,0.76
Automotive and Watercraft Service Attendants,2.52,-0.67,0.43,0.76
"Potters, Manufacturing",1.01,-1.27,2.53,0.76
Magnetic Resonance Imaging Technologists,0.88,-0.79,2.19,0.76
Stationary Engineers and Boiler Operators,0.17,-0.27,2.36,0.76
Exercise Trainers and Group Fitness Instructors,2.26,-1.53,1.54,0.75
Sustainability Specialists,0.18,-0.01,2.08,0.75
Neurodiagnostic Technologists,0.91,-1.08,2.41,0.75
"Insulation Workers, Mechanical",3.03,-0.81,0.01,0.74
Web Developers,0.50,0.06,1.65,0.73
"Teaching Assistants, Postsecondary",1.68,0.75,-0.29,0.72
Cytogenetic Technologists,0.61,-1.32,2.85,0.72
Audiovisual Equipment Installers and Repairers,-0.51,-0.01,2.64,0.71
Compliance Officers,0.59,0.01,1.51,0.70
Computer Programmers,0.28,0.44,1.38,0.70
Energy Auditors,0.65,-0.50,1.94,0.70
"Pump Operators, Except Wellhead Pumpers",0.95,-1.10,2.22,0.69
Park Naturalists,0.49,-0.30,1.87,0.69
"Pressers, Textile, Garment, and Related Materials",-0.92,-3.66,6.57,0.66
Desktop Publishers,1.22,-1.09,1.84,0.66
"First-Line Supervisors of Landscaping, Lawn Service, and Groundskeeping Workers",0.18,-0.20,1.98,0.65
"Drilling and Boring Machine Tool Setters, Operators, and Tenders, Metal and Plastic",2.27,0.07,-0.39,0.65
"Kindergarten Teachers, Except Special Education",-0.03,-0.27,2.25,0.65
Loan Interviewers and Clerks,0.68,-0.16,1.42,0.65
Music Directors and Composers,0.87,-2.10,3.17,0.65
"Dispatchers, Except Police, Fire, and Ambulance",1.05,0.28,0.60,0.65
Hazardous Materials Removal Workers,2.02,-1.21,1.12,0.64
Interpreters and Translators,0.89,-1.21,2.25,0.64
Medical Appliance Technicians,0.61,-1.38,2.68,0.64
"Furnace, Kiln, Oven, Drier, and Kettle Operators and Tenders",1.30,-0.01,0.62,0.63
Nuclear Medicine Technologists,0.67,-0.14,1.34,0.63
"Coin, Vending, and Amusement Machine Servicers and Repairers",-2.36,0.52,3.68,0.61
Conservation Scientists,0.70,-0.30,1.43,0.61
"Rotary Drill Operators, Oil and Gas",0.84,-1.46,2.45,0.61
"Extruding, Forming, Pressing, and Compacting Machine Setters, Operators, and Tenders",1.01,-1.52,2.33,0.61
Forest Fire Inspectors and Prevention Specialists,1.57,-0.65,0.90,0.61
"Extruding and Drawing Machine Setters, Operators, and Tenders, Metal and Plastic",0.67,-1.64,2.77,0.60
Real Estate Brokers,-0.37,0.39,1.76,0.59
Radiation Therapists,0.57,-0.92,2.05,0.57
"Special Education Teachers, Preschool",-0.75,-1.20,3.64,0.56
"Electronic Equipment Installers and Repairers, Motor Vehicles",-0.19,-1.51,3.38,0.56
"Milling and Planing Machine Setters, Operators, and Tenders, Metal and Plastic",-0.37,-0.22,2.26,0.56
"Compensation, Benefits, and Job Analysis Specialists",0.37,0.41,0.90,0.56
First-Line Supervisors of Construction Trades and Extraction Workers,1.11,0.40,0.12,0.54
Police Identification and Records Officers,1.52,-1.31,1.41,0.54
Acupuncturists,0.38,-0.26,1.49,0.54
Camera and Photographic Equipment Repairers,-0.25,-0.32,2.18,0.54
Computer Numerically Controlled Tool Programmers,1.13,0.71,-0.24,0.53
Facilities Managers,0.30,-0.17,1.48,0.53
Speech-Language Pathology Assistants,1.33,-1.11,1.38,0.53
Brickmasons and Blockmasons,2.63,-2.10,1.06,0.53
Gas Plant Operators,0.36,-0.91,2.13,0.53
Hearing Aid Specialists,1.96,-0.51,0.12,0.52
Architectural and Civil Drafters,1.77,0.83,-1.09,0.50
Flight Attendants,1.13,-1.20,1.58,0.50
Court Reporters and Simultaneous Captioners,2.70,-0.48,-0.72,0.50
First-Line Supervisors of Non-Retail Sales Workers,-1.50,-0.10,3.10,0.50
"Separating, Filtering, Clarifying, Precipitating, and Still Machine Setters, Operators, and Tenders",1.22,-1.45,1.73,0.50
Shuttle Drivers and Chauffeurs,2.03,-1.58,1.02,0.49
Executive Secretaries and Executive Administrative Assistants,0.34,0.14,0.99,0.49
Correctional Officers and Jailers,1.25,-2.01,2.21,0.48
Graphic Designers,1.90,0.21,-0.69,0.48
Gas Compressor and Gas Pumping Station Operators,0.72,-0.61,1.29,0.47
Telecommunications Engineering Specialists,0.98,0.71,-0.32,0.46
Medical Assistants,0.93,-0.27,0.70,0.46
"Eligibility Interviewers, Government Programs",-0.00,-0.26,1.62,0.45
Recreational Vehicle Service Technicians,0.09,-0.83,2.10,0.45
Bicycle Repairers,0.27,-0.22,1.30,0.45
Statistical Assistants,0.38,-0.92,1.88,0.45
"Middle School Teachers, Except Special and Career/Technical Education",-1.13,-0.73,3.21,0.45
Customs and Border Protection Officers,-0.11,-1.97,3.40,0.44
"Human Resources Assistants, Except Payroll and Timekeeping",1.04,1.06,-0.80,0.43
"Service Unit Operators, Oil and Gas",0.84,-1.76,2.20,0.43
Quality Control Analysts,0.68,-0.29,0.88,0.42
Sound Engineering Technicians,1.14,-1.15,1.26,0.42
Machine Feeders and Offbearers,-0.59,-0.97,2.78,0.41
"Electrical and Electronics Installers and Repairers, Transportation Equipment",1.24,-0.69,0.65,0.40
"Multiple Machine Tool Setters, Operators, and Tenders, Metal and Plastic",0.75,-1.44,1.87,0.39
"Career/Technical Education Teachers, Postsecondary",-0.09,0.06,1.20,0.39
Physical Therapist Assistants,0.85,-0.87,1.17,0.38
"Career/Technical Education Teachers, Middle School",-0.41,-1.17,2.72,0.38
Librarians and Media Collections Specialists,1.28,0.50,-0.64,0.38
"Helpers--Brickmasons, Blockmasons, Stonemasons, and Tile and Marble Setters",2.27,-2.82,1.64,0.36
Outdoor Power Equipment and Other Small Engine Mechanics,-1.88,-1.43,4.38,0.36
Cartographers and Photogrammetrists,1.70,0.14,-0.77,0.35
Boilermakers,0.30,-0.84,1.57,0.34
Dental Hygienists,2.62,-0.71,-0.88,0.34
Computer Network Support Specialists,0.97,0.09,-0.05,0.34
Postmasters and Mail Superintendents,-0.20,0.77,0.43,0.33
"Property, Real Estate, and Community Association Managers",0.40,0.80,-0.22,0.33
Veterinary Technologists and Technicians,1.62,-1.31,0.67,0.33
Construction and Building Inspectors,1.56,-0.64,0.05,0.33
Motorcycle Mechanics,0.23,-1.74,2.48,0.32
Software Quality Assurance Analysts and Testers,-0.16,-0.58,1.70,0.32
"News Analysts, Reporters, and Journalists",0.20,-0.12,0.87,0.32
Biological Technicians,0.13,-0.91,1.73,0.32
"Patternmakers, Wood",1.84,-1.40,0.48,0.31
Airfield Operations Specialists,0.53,-1.46,1.84,0.30
Licensed Practical and Licensed Vocational Nurses,-0.50,-1.60,3.00,0.30
Recycling and Reclamation Workers,0.86,-2.29,2.34,0.30
"Welders, Cutters, Solderers, and Brazers",0.96,-0.77,0.69,0.29
Broadcast Technicians,0.72,0.19,-0.03,0.29
"Railroad Brake, Signal, and Switch Operators and Locomotive Firers",1.68,-1.72,0.86,0.27
Fitness and Wellness Coordinators,0.18,-0.99,1.61,0.27
Engine and Other Machine Assemblers,2.57,-0.51,-1.27,0.26
Automotive Engineering Technicians,0.93,-0.43,0.29,0.26
"Helpers--Installation, Maintenance, and Repair Workers",0.65,-1.25,1.38,0.26
Terrazzo Workers and Finishers,0.62,-3.33,3.47,0.25
"Secretaries and Administrative Assistants, Except Legal, Medical, and Executive",0.94,0.69,-0.90,0.24
Tool and Die Makers,0.24,-0.21,0.70,0.24
Segmental Pavers,1.54,0.02,-0.84,0.24
Medical Equipment Repairers,-1.22,-0.43,2.33,0.22
"Adult Basic Education, Adult Secondary Education, and English as a Second Language Instructors",0.02,0.03,0.61,0.22
"Sales Representatives, Wholesale and Manufacturing, Technical and Scientific Products",-1.16,-0.44,2.26,0.22
Civil Engineering Technologists and Technicians,1.05,-0.56,0.17,0.22
"Petroleum Pump System Operators, Refinery Operators, and Gaugers",0.99,-1.10,0.77,0.22
Real Estate Sales Agents,-0.54,0.85,0.35,0.22
"Roustabouts, Oil and Gas",1.97,-1.85,0.52,0.22
Loan Officers,0.10,-0.13,0.67,0.22
Anesthesiologist Assistants,-0.45,-2.18,3.27,0.21
Tutors,-0.13,0.26,0.51,0.21
Power Plant Operators,-0.01,-0.64,1.28,0.21
"Textile Cutting Machine Setters, Operators, and Tenders",-0.39,-1.42,2.42,0.20
Clinical Data Managers,-0.50,-1.06,2.16,0.20
Slaughterers and Meat Packers,,-2.22,2.61,0.19
Social and Human Service Assistants,-0.84,-0.08,1.49,0.19
Crane and Tower Operators,1.67,-2.85,1.74,0.19
Mechanical Drafters,2.45,0.67,-2.58,0.18
Occupational Health and Safety Technicians,1.18,-0.44,-0.21,0.17
Environmental Engineering Technologists and Technicians,0.42,-1.03,1.12,0.17
Heavy and Tractor-Trailer Truck Drivers,0.85,-2.48,2.12,0.16
Cost Estimators,-0.10,-0.93,1.46,0.14
Budget Analysts,0.25,-0.41,0.58,0.14
"Rail Yard Engineers, Dinkey Operators, and Hostlers",0.66,-2.65,2.40,0.14
Logistics Analysts,-0.70,-1.00,2.11,0.14
Aircraft Cargo Handling Supervisors,1.70,-1.29,-0.01,0.13
Electrical and Electronic Engineering Technologists and Technicians,0.37,-0.21,0.24,0.13
Carpenters,2.05,-1.88,0.22,0.13
Hoist and Winch Operators,2.56,-1.42,-0.77,0.13
First-Line Supervisors of Office and Administrative Support Workers,-1.35,-0.12,1.84,0.12
Geothermal Technicians,-0.01,-1.10,1.48,0.12
Mechanical Door Repairers,2.30,-0.75,-1.19,0.12
Solar Energy Installation Managers,0.42,-0.48,0.39,0.11
Human Resources Specialists,0.35,-0.71,0.67,0.10
Legal Secretaries and Administrative Assistants,1.07,0.45,-1.29,0.08
"Derrick Operators, Oil and Gas",-1.05,-3.78,5.01,0.06
Electrical Power-Line Installers and Repairers,0.38,-2.96,2.75,0.05
Radio Frequency Identification Device Specialists,0.85,-0.51,-0.19,0.05
First-Line Supervisors of Personal Service Workers,0.60,1.14,-1.60,0.05
Database Administrators,0.05,-0.33,0.42,0.05
Respiratory Therapists,0.17,-1.31,1.26,0.04
"Helpers--Pipelayers, Plumbers, Pipefitters, and Steamfitters",,-1.02,1.10,0.04
Non-Destructive Testing Specialists,1.24,-1.14,-0.02,0.03
Remote Sensing Technicians,0.59,-0.85,0.33,0.03
Septic Tank Servicers and Sewer Pipe Cleaners,-0.48,-1.99,2.54,0.02
Computer User Support Specialists,1.01,-0.12,-0.83,0.02
Chemical Equipment Operators and Tenders,0.86,-1.38,0.58,0.02
Actors,0.62,-0.83,0.26,0.02
Industrial Engineering Technologists and Technicians,0.05,-0.50,0.48,0.01
"Directors, Religious Activities and Education",-1.06,-0.37,1.45,0.01
Chemical Plant and System Operators,-0.38,-1.45,1.83,0.00
"Bus Drivers, Transit and Intercity",2.05,-1.92,-0.13,0.00
Forensic Science Technicians,0.17,-3.28,3.08,-0.01
Watch and Clock Repairers,0.64,-1.98,1.30,-0.01
Electricians,0.18,-1.76,1.50,-0.03
Sailors and Marine Oilers,0.20,-3.04,2.75,-0.03
"Cutting and Slicing Machine Setters, Operators, and Tenders",-0.86,-2.10,2.87,-0.03
"Tax Examiners and Collectors, and Revenue Agents",0.91,-0.57,-0.49,-0.05
Reinforcing Iron and Rebar Workers,2.25,-3.39,0.99,-0.05
Spa Managers,-1.03,0.07,0.79,-0.06
Business Intelligence Analysts,-0.16,-1.28,1.25,-0.06
"Low Vision Therapists, Orientation and Mobility Specialists, and Vision Rehabilitation Therapists",-0.60,-0.63,1.01,-0.07
Tree Trimmers and Pruners,1.52,-3.13,1.39,-0.07
"Cleaning, Washing, and Metal Pickling Equipment Operators and Tenders",-2.84,-1.55,4.09,-0.10
"Glass Blowers, Molders, Benders, and Finishers",1.25,-3.76,2.21,-0.10
Administrative Services Managers,-0.06,-0.06,-0.21,-0.11
"Rolling Machine Setters, Operators, and Tenders, Metal and Plastic",0.38,-2.07,1.35,-0.11
Locomotive Engineers,0.44,-3.44,2.66,-0.12
"Agents and Business Managers of Artists, Performers, and Athletes",-1.67,-0.38,1.71,-0.12
Rehabilitation Counselors,-0.84,-0.59,1.05,-0.13
"Earth Drillers, Except Oil and Gas",-0.47,-1.58,1.66,-0.13
Paralegals and Legal Assistants,1.30,0.56,-2.27,-0.14
Surgical Assistants,0.73,-2.91,1.75,-0.14
Transit and Railroad Police,1.55,-1.70,-0.31,-0.15
Choreographers,0.40,-3.22,2.34,-0.16
"Sales Representatives, Wholesale and Manufacturing, Except Technical and Scientific Products",0.28,1.14,-1.90,-0.16
Clinical Research Coordinators,-0.66,-0.81,0.99,-0.16
Foresters,-1.21,-1.58,2.29,-0.17
Archivists,0.48,-0.31,-0.69,-0.17
Credit Analysts,0.77,-1.12,-0.19,-0.18
"Secondary School Teachers, Except Special and Career/Technical Education",-0.79,-1.39,1.63,-0.18
"Environmental Scientists and Specialists, Including Health",-1.09,-2.56,3.10,-0.18
Computer Numerically Controlled Tool Operators,-0.94,-1.67,2.05,-0.19
Fundraisers,-0.73,-0.62,0.77,-0.19
"Health and Safety Engineers, Except Mining Safety Engineers and Inspectors",0.05,-1.20,0.56,-0.20
"Family and Consumer Sciences Teachers, Postsecondary",-0.97,-1.02,1.39,-0.20
Wind Energy Development Managers,-0.78,-0.79,0.96,-0.20
Set and Exhibit Designers,0.66,-1.73,0.45,-0.21
Helpers--Extraction Workers,-0.72,-3.02,3.12,-0.21
"Transportation, Storage, and Distribution Managers",-0.57,-0.50,0.45,-0.21
"Molders, Shapers, and Casters, Except Metal and Plastic",-2.03,-0.70,2.08,-0.22
Health Education Specialists,-0.20,-0.78,0.30,-0.23
Metal-Refining Furnace Operators and Tenders,0.91,-2.68,1.07,-0.23
Community Health Workers,-0.95,-0.20,0.45,-0.24
"Captains, Mates, and Pilots of Water Vessels",0.36,-3.13,2.06,-0.24
Fish and Game Wardens,0.68,-2.06,0.67,-0.24
Information Security Engineers,-0.39,-1.19,0.84,-0.25
Musical Instrument Repairers and Tuners,0.22,-2.96,1.98,-0.25
Subway and Streetcar Operators,1.39,-2.46,0.30,-0.26
Advertising Sales Agents,-0.26,0.16,-0.67,-0.26
Textile Bleaching and Dyeing Machine Operators and Tenders,-0.20,-0.43,-0.15,-0.26
"Farmers, Ranchers, and Other Agricultural Managers",-0.72,-1.48,1.39,-0.27
Biofuels Processing Technicians,0.06,-1.78,0.91,-0.27
"Telecommunications Equipment Installers and Repairers, Except Line Installers",-0.58,-2.07,1.82,-0.27
Floor Sanders and Finishers,1.22,-2.95,0.90,-0.27
Compensation and Benefits Managers,-0.63,0.29,-0.50,-0.28
"Sawing Machine Setters, Operators, and Tenders, Wood",0.18,-2.55,1.50,-0.29
"Meeting, Convention, and Event Planners",-0.84,-1.06,1.04,-0.29
"First-Line Supervisors of Mechanics, Installers, and Repairers",-0.96,-1.66,1.74,-0.29
Chefs and Head Cooks,-0.39,-1.20,0.68,-0.30
Mechanical Engineering Technologists and Technicians,0.31,-1.66,0.42,-0.31
"Elementary School Teachers, Except Special Education",-1.44,-1.47,1.98,-0.31
Climate Change Policy Analysts,-0.32,-0.51,-0.11,-0.31
"Poets, Lyricists and Creative Writers",-1.72,-0.99,1.77,-0.31
"Recreation and Fitness Studies Teachers, Postsecondary",-1.01,-1.11,1.17,-0.32
Information Security Analysts,-0.46,-1.22,0.72,-0.32
Prosthodontists,0.43,-2.25,0.85,-0.33
"Textile Winding, Twisting, and Drawing Out Machine Setters, Operators, and Tenders",0.61,-2.17,0.59,-0.33
Historians,-0.79,-2.06,1.87,-0.33
General and Operations Managers,-1.18,-0.68,0.88,-0.33
Regulatory Affairs Managers,-0.97,-1.26,1.24,-0.33
Private Detectives and Investigators,-0.02,-1.19,0.22,-0.33
Nuclear Technicians,0.15,-1.57,0.40,-0.34
"Electric Motor, Power Tool, and Related Repairers",-1.63,-2.35,2.95,-0.34
Exercise Physiologists,-1.06,-2.09,2.12,-0.34
Wellhead Pumpers,-0.97,-1.06,0.98,-0.35
First-Line Supervisors of Material-Moving Machine and Vehicle Operators,0.06,0.55,-1.67,-0.35
Industrial Machinery Mechanics,-2.09,-2.72,3.73,-0.36
Accountants and Auditors,-0.05,-1.11,0.06,-0.37
Aerospace Engineering and Operations Technologists and Technicians,0.23,-1.12,-0.21,-0.37
Adapted Physical Education Specialists,-1.34,-1.87,2.09,-0.37
Technical Writers,-0.72,-0.41,0.01,-0.37
Gambling Managers,-0.97,-0.56,0.40,-0.38
"Farmworkers and Laborers, Crop, Nursery, and Greenhouse",2.55,-3.31,,-0.38
Zoologists and Wildlife Biologists,-0.41,-1.58,0.85,-0.38
"Maintenance and Repair Workers, General",-0.32,-1.31,0.48,-0.38
"Claims Adjusters, Examiners, and Investigators",-0.52,-1.35,0.70,-0.39
Video Game Designers,0.10,-1.44,0.13,-0.40
Regulatory Affairs Specialists,-0.86,-1.81,1.45,-0.41
Probation Officers and Correctional Treatment Specialists,-0.88,-0.55,0.19,-0.41
Biofuels Production Managers,-0.43,-1.14,0.32,-0.41
"Explosives Workers, Ordnance Handling Experts, and Blasters",0.76,-3.31,1.28,-0.42
Medical Dosimetrists,-0.71,-2.02,1.47,-0.42
Computer and Information Systems Managers,-1.14,-0.69,0.55,-0.43
"Area, Ethnic, and Cultural Studies Teachers, Postsecondary",-1.48,-1.39,1.57,-0.43
Orthoptists,-0.43,-2.18,1.27,-0.45
Curators,-0.95,-2.80,2.41,-0.45
Software Developers,-0.30,-0.41,-0.64,-0.45
Network and Computer Systems Administrators,-1.40,-0.24,0.28,-0.45
Occupational Health and Safety Specialists,-0.71,-1.39,0.73,-0.46
"Electrical and Electronics Repairers, Powerhouse, Substation, and Relay",-0.18,-0.58,-0.62,-0.46
"Education and Childcare Administrators, Preschool and Daycare",-1.98,-1.42,1.95,-0.48
Elevator and Escalator Installers and Repairers,-1.06,-0.97,0.55,-0.49
Fundraising Managers,-0.99,-0.65,0.16,-0.49
Commercial Divers,0.10,-2.72,1.12,-0.50
Computer Network Architects,-0.41,-1.23,0.11,-0.51
Information Technology Project Managers,-1.68,-0.79,0.88,-0.53
Petroleum Engineers,-1.42,-1.64,1.46,-0.53
Ship Engineers,-1.24,-2.11,1.71,-0.54
"Electrical and Electronics Repairers, Commercial and Industrial Equipment",-0.97,-1.19,0.50,-0.55
Orthodontists,-1.10,-3.12,2.55,-0.56
"Maintenance Workers, Machinery",-0.85,-1.17,0.35,-0.56
Athletic Trainers,-0.86,-1.62,0.81,-0.56
"Heat Treating Equipment Setters, Operators, and Tenders, Metal and Plastic",0.06,-1.94,0.20,-0.56
Search Marketing Strategists,-0.44,-1.17,-0.10,-0.57
Dredge Operators,-0.43,-2.60,1.31,-0.57
Logisticians,-1.21,-1.33,0.80,-0.58
"Educational, Guidance, and Career Counselors and Advisors",-1.93,-1.45,1.64,-0.58
Electro-Mechanical and Mechatronics Technologists and Technicians,-1.39,-1.74,1.39,-0.58
Cabinetmakers and Bench Carpenters,0.35,-2.04,-0.05,-0.58
Wind Energy Operations Managers,-0.74,-1.24,0.24,-0.58
"Grinding and Polishing Workers, Hand",-2.40,-0.95,1.61,-0.58
Surveyors,0.57,-2.00,-0.33,-0.58
Timing Device Assemblers and Adjusters,-1.42,-0.93,0.57,-0.59
Editors,-0.72,-2.41,1.34,-0.60
Tire Builders,1.45,-3.45,0.19,-0.60
Computer Systems Analysts,-0.97,-1.26,0.41,-0.60
Motorboat Mechanics and Service Technicians,-1.40,-2.07,1.65,-0.61
Adhesive Bonding Machine Operators and Tenders,0.08,-1.31,-0.59,-0.61
Wind Turbine Service Technicians,0.08,-2.06,0.13,-0.61
Solar Photovoltaic Installers,1.15,-1.49,-1.51,-0.62
"Heating, Air Conditioning, and Refrigeration Mechanics and Installers",-0.32,-2.18,0.64,-0.62
Avionics Technicians,-0.93,-1.44,0.49,-0.63
Biofuels/Biodiesel Technology and Product Development Managers,0.10,-1.63,-0.39,-0.64
Pipelayers,1.39,-1.24,-2.10,-0.65
Environmental Compliance Inspectors,-0.72,-2.67,1.44,-0.65
Database Architects,0.06,-0.46,-1.57,-0.66
"Grinding, Lapping, Polishing, and Buffing Machine Tool Setters, Operators, and Tenders, Metal and Plastic",0.37,-1.60,-0.77,-0.67
"Career/Technical Education Teachers, Secondary School",-1.68,-1.98,1.64,-0.67
Automotive Service Technicians and Mechanics,-0.08,-2.60,0.64,-0.68
Purchasing Managers,-1.87,-1.07,0.89,-0.68
Personal Financial Advisors,-0.28,-1.00,-0.83,-0.70
Public Safety Telecommunicators,0.36,-1.46,-1.03,-0.71
Marketing Managers,-1.86,-1.10,0.78,-0.73
Nuclear Power Reactor Operators,-0.22,-1.27,-0.70,-0.73
"Foreign Language and Literature Teachers, Postsecondary",-2.09,-2.34,2.22,-0.74
"Plumbers, Pipefitters, and Steamfitters",0.64,-1.35,-1.54,-0.75
Chiropractors,-0.73,-2.18,0.66,-0.75
Operating Engineers and Other Construction Equipment Operators,-1.60,-2.31,1.64,-0.76
Validation Engineers,-0.82,-1.31,-0.15,-0.76
"Tool Grinders, Filers, and Sharpeners",-2.27,-2.64,2.61,-0.77
"Woodworking Machine Setters, Operators, and Tenders, Except Sawing",-0.22,-1.92,-0.18,-0.77
Broadcast Announcers and Radio Disc Jockeys,0.18,-1.08,-1.46,-0.79
Intelligence Analysts,-0.02,-3.32,0.97,-0.79
Health Informatics Specialists,-1.82,-2.47,1.90,-0.79
"Excavating and Loading Machine and Dragline Operators, Surface Mining",1.14,-3.27,-0.27,-0.80
Producers and Directors,-1.66,-3.00,2.27,-0.80
Interior Designers,-0.19,-1.45,-0.76,-0.80
"Special Education Teachers, Secondary School",-1.53,-1.22,0.32,-0.81
Hydroelectric Production Managers,-1.34,-1.51,0.42,-0.81
Geodetic Surveyors,-0.23,-2.36,0.06,-0.84
Registered Nurses,-1.56,-2.46,1.48,-0.85
"Roof Bolters, Mining",0.78,-3.60,0.27,-0.85
"Special Education Teachers, Elementary School",-1.35,-2.12,0.91,-0.85
Fire Inspectors and Investigators,1.59,-1.07,-3.11,-0.86
Signal and Track Switch Repairers,-3.03,-2.20,2.64,-0.86
Management Analysts,-1.63,-1.84,0.86,-0.87
Solar Energy Systems Engineers,0.10,-1.72,-1.01,-0.88
Optometrists,-0.39,-3.45,1.21,-0.88
Coaches and Scouts,-4.06,-2.36,3.77,-0.88
Market Research Analysts and Marketing Specialists,-0.58,-1.98,-0.10,-0.89
"Fraud Examiners, Investigators and Analysts",-0.53,-1.10,-1.06,-0.90
Industrial Engineers,-0.71,-1.15,-0.84,-0.90
Bus and Truck Mechanics and Diesel Engine Specialists,-0.92,-2.99,1.17,-0.91
Environmental Restoration Planners,-1.01,-1.87,0.09,-0.93
Sales Managers,-2.39,-1.36,0.96,-0.93
Police and Sheriff's Patrol Officers,-0.36,-2.85,0.41,-0.94
Chief Sustainability Officers,-2.38,-2.57,2.14,-0.94
Hydroelectric Plant Technicians,-0.16,-1.49,-1.17,-0.94
First-Line Supervisors of Correctional Officers,-0.55,-2.11,-0.17,-0.94
Solar Thermal Installers and Technicians,0.21,-0.05,-2.99,-0.94
"Purchasing Agents, Except Wholesale, Retail, and Farm Products",-1.02,-0.25,-1.56,-0.95
Dancers,2.74,-7.28,1.68,-0.95
Food Scientists and Technologists,-1.05,-2.69,0.88,-0.96
Geothermal Production Managers,-0.93,-0.57,-1.38,-0.96
Farm Equipment Mechanics and Service Technicians,-0.82,-2.61,0.55,-0.96
Industrial Production Managers,-2.40,-1.15,0.64,-0.97
Physical Therapists,-0.87,-1.80,-0.25,-0.97
Writers and Authors,-0.50,-0.48,-1.96,-0.98
Government Property Inspectors and Investigators,-0.54,-2.35,-0.06,-0.98
Landscape Architects,-0.94,-2.35,0.33,-0.99
Instructional Coordinators,-3.02,-2.13,2.15,-1.00
Refuse and Recyclable Material Collectors,-1.72,-2.01,0.71,-1.01
Biomass Power Plant Managers,-1.19,-1.07,-0.86,-1.04
Computer Systems Engineers/Architects,-0.54,-0.98,-1.60,-1.04
Continuous Mining Machine Operators,0.07,-3.40,0.19,-1.05
Construction Laborers,0.85,-1.83,-2.20,-1.06
Art Directors,-0.21,-2.46,-0.52,-1.06
Brownfield Redevelopment Specialists and Site Managers,-1.16,-2.25,0.21,-1.06
"Special Education Teachers, Middle School",-1.72,-1.06,-0.42,-1.06
"Communications Teachers, Postsecondary",-1.54,-1.57,-0.14,-1.08
Printing Press Operators,0.32,-0.22,-3.36,-1.08
Coroners,-0.16,-2.22,-0.90,-1.09
Media Technical Directors/Managers,-1.10,-2.21,0.01,-1.10
Investment Fund Managers,-0.93,-2.16,-0.26,-1.11
Political Scientists,-1.60,-2.09,0.34,-1.12
Pharmacists,-1.37,-2.53,0.51,-1.13
"Mobile Heavy Equipment Mechanics, Except Engines",-0.84,-3.18,0.64,-1.13
Loss Prevention Managers,-2.28,-1.36,0.25,-1.13
Media Programming Directors,-1.58,-2.08,0.26,-1.13
Rail-Track Laying and Maintenance Equipment Operators,-0.16,-3.10,-0.15,-1.14
"Geoscientists, Except Hydrologists and Geographers",-1.04,-2.73,0.35,-1.14
First-Line Supervisors of Firefighting and Prevention Workers,0.02,-2.21,-1.23,-1.14
Transportation Planners,-1.34,-1.96,-0.12,-1.14
Manufactured Building and Mobile Home Installers,0.49,-3.47,-0.51,-1.16
Human Factors Engineers and Ergonomists,-1.55,-2.68,0.73,-1.17
Industrial Ecologists,-1.04,-2.63,0.14,-1.18
"Political Science Teachers, Postsecondary",-1.81,-1.16,-0.57,-1.18
Advertising and Promotions Managers,-1.27,-1.79,-0.55,-1.20
Survey Researchers,-1.44,-3.14,0.97,-1.20
Financial Examiners,-2.24,-2.43,0.92,-1.25
Commercial and Industrial Designers,-0.50,-1.88,-1.41,-1.26
Geographers,-0.17,-2.04,-1.66,-1.29
Quality Control Systems Managers,-1.87,-1.58,-0.44,-1.30
Business Continuity Planners,-2.52,-3.01,1.63,-1.30
Rail Car Repairers,-1.73,-3.41,1.23,-1.30
Security Management Specialists,-0.82,-2.13,-0.97,-1.31
Recreational Therapists,-0.91,-0.75,-2.27,-1.31
Wind Energy Engineers,-0.42,-0.24,-3.29,-1.32
"Model Makers, Metal and Plastic",-1.20,-1.66,-1.09,-1.32
"Art, Drama, and Music Teachers, Postsecondary",-2.32,-2.29,0.65,-1.32
Midwives,-0.69,-2.00,-1.27,-1.32
"Health Specialties Teachers, Postsecondary",-1.98,-2.07,0.08,-1.32
Labor Relations Specialists,-1.90,-1.82,-0.27,-1.33
Supply Chain Managers,-1.97,-0.59,-1.46,-1.34
Urban and Regional Planners,-1.27,-2.05,-0.72,-1.34
"Geography Teachers, Postsecondary",-1.45,-1.70,-0.94,-1.37
Equal Opportunity Representatives and Officers,-1.66,-2.90,0.45,-1.37
Water Resource Specialists,-0.56,-1.24,-2.32,-1.37
Soil and Plant Scientists,-1.90,-2.99,0.72,-1.39
Lodging Managers,-2.17,-0.52,-1.49,-1.39
Financial Managers,-1.55,-2.25,-0.40,-1.40
"English Language and Literature Teachers, Postsecondary",-2.01,-3.17,0.95,-1.41
Dietitians and Nutritionists,-2.10,-1.81,-0.33,-1.41
Fallers,1.12,-3.94,,-1.41
Medical and Clinical Laboratory Technologists,-0.85,-2.70,-0.73,-1.43
Detectives and Criminal Investigators,-1.10,-2.57,-0.62,-1.43
Genetic Counselors,0.05,-1.96,-2.38,-1.43
First-Line Supervisors of Security Workers,-0.04,-1.23,-3.04,-1.43
"Computer Science Teachers, Postsecondary",-1.69,-1.83,-0.83,-1.45
"Child, Family, and School Social Workers",-2.75,-1.57,-0.04,-1.45
Farm and Home Management Educators,-2.45,-2.10,0.18,-1.46
Motorboat Operators,0.03,-3.07,-1.35,-1.46
Compliance Managers,-1.00,-1.70,-1.76,-1.49
"Agricultural Sciences Teachers, Postsecondary",-2.87,-2.23,0.64,-1.49
Chemists,-1.08,-2.81,-0.58,-1.49
"Energy Engineers, Except Wind and Solar",-1.44,-2.00,-1.10,-1.51
Orthotists and Prosthetists,-0.86,-2.82,-0.94,-1.54
Firefighters,0.29,-4.10,-0.84,-1.55
Substance Abuse and Behavioral Disorder Counselors,-1.92,-1.66,-1.09,-1.56
"History Teachers, Postsecondary",-1.88,-1.71,-1.10,-1.56
Nanotechnology Engineering Technologists and Technicians,-1.19,-2.61,-0.90,-1.56
"Environmental Science Teachers, Postsecondary",-1.86,-1.85,-1.01,-1.57
Electrical Engineers,-0.25,-2.07,-2.45,-1.59
"Forestry and Conservation Science Teachers, Postsecondary",-1.42,-2.23,-1.14,-1.60
Training and Development Specialists,-2.13,-1.71,-0.97,-1.60
Structural Iron and Steel Workers,1.48,-4.39,-1.94,-1.62
Acute Care Nurses,-1.66,-2.00,-1.19,-1.62
Allergists and Immunologists,-2.43,-3.05,0.54,-1.64
Remote Sensing Scientists and Technologists,-1.53,-2.80,-0.64,-1.66
Veterinarians,-0.99,-2.21,-1.82,-1.67
Animal Scientists,-1.06,-2.75,-1.24,-1.69
Robotics Technicians,-1.50,-2.48,-1.18,-1.72
"Rock Splitters, Quarry",0.09,-3.60,,-1.76
"Education Administrators, Postsecondary",-2.95,-3.06,0.73,-1.76
Commercial Pilots,-1.61,-5.11,1.44,-1.76
Pile Driver Operators,-1.89,-2.16,-1.25,-1.77
"Refractory Materials Repairers, Except Brickmasons",-0.76,-1.18,-3.42,-1.79
Sociologists,-1.77,-2.45,-1.14,-1.79
"Business Teachers, Postsecondary",-2.18,-1.77,-1.43,-1.79
Bioinformatics Technicians,0.91,-0.77,-5.52,-1.79
Social and Community Service Managers,-2.98,-1.83,-0.57,-1.79
Dermatologists,-1.27,-3.09,-1.05,-1.80
Critical Care Nurses,-1.42,-3.38,-0.64,-1.81
Hydrologists,-0.86,-2.90,-1.71,-1.82
First-Line Supervisors of Police and Detectives,-2.27,-1.53,-1.68,-1.83
"Philosophy and Religion Teachers, Postsecondary",-1.86,-1.97,-1.68,-1.84
Logistics Engineers,-2.20,-3.07,-0.25,-1.84
Anthropologists and Archeologists,-1.26,-3.71,-0.61,-1.86
Environmental Economists,-1.03,-2.63,-1.96,-1.87
Natural Sciences Managers,-2.62,-3.21,0.20,-1.88
"Criminal Justice and Law Enforcement Teachers, Postsecondary",-2.37,-1.30,-1.97,-1.88
"Architecture Teachers, Postsecondary",-2.44,-2.84,-0.39,-1.89
Computer and Information Research Scientists,-1.70,-2.58,-1.47,-1.92
Environmental Engineers,-1.24,-2.15,-2.37,-1.92
"Dentists, General",-2.22,-4.93,1.36,-1.93
Biologists,-1.67,-3.56,-0.59,-1.94
Water/Wastewater Engineers,-1.56,-2.99,-1.38,-1.97
Atmospheric and Space Scientists,-1.22,-2.44,-2.28,-1.98
Nurse Practitioners,-2.07,-2.82,-1.07,-1.99
"Mining and Geological Engineers, Including Mining Safety Engineers",-2.52,-3.71,0.27,-1.99
Nurse Anesthetists,-1.39,-2.48,-2.10,-1.99
Podiatrists,-1.77,-3.53,-0.71,-2.00
Microbiologists,-1.86,-4.22,0.04,-2.01
"Education Teachers, Postsecondary",-2.52,-2.96,-0.61,-2.03
Aviation Inspectors,-0.59,-2.00,-3.54,-2.04
"Coating, Painting, and Spraying Machine Setters, Operators, and Tenders",-1.98,-2.12,,-2.05
Financial Quantitative Analysts,-0.87,-2.45,-2.83,-2.05
Aircraft Mechanics and Service Technicians,-3.43,-4.22,1.48,-2.06
"Biological Science Teachers, Postsecondary",-2.20,-2.97,-1.01,-2.06
"Nursing Instructors and Teachers, Postsecondary",-2.53,-2.31,-1.35,-2.06
Mental Health and Substance Abuse Social Workers,-2.37,-3.25,-0.58,-2.07
"Architects, Except Landscape and Naval",-1.77,-3.85,-0.58,-2.07
Audiologists,-1.75,-3.32,-1.18,-2.08
Medical and Health Services Managers,-2.98,-2.14,-1.14,-2.09
Architectural and Engineering Managers,-1.91,-3.14,-1.25,-2.10
"Electronics Engineers, Except Computer",-0.82,-2.08,-3.40,-2.10
Occupational Therapists,-1.63,-1.93,-2.74,-2.10
Anesthesiologists,-1.98,-4.05,-0.28,-2.10
Millwrights,-0.67,-3.41,-2.27,-2.12
Mechatronics Engineers,-0.74,-1.69,-3.94,-2.13
Operations Research Analysts,-2.03,-2.88,-1.50,-2.14
Air Traffic Controllers,-1.32,-5.32,0.22,-2.14
Mechanical Engineers,-2.35,-2.59,-1.58,-2.18
Construction Managers,-2.54,-2.59,-1.40,-2.18
Fuel Cell Engineers,-1.07,-2.54,-2.99,-2.20
"Sociology Teachers, Postsecondary",-2.90,-1.98,-1.78,-2.22
Materials Engineers,-0.89,-2.66,-3.14,-2.23
Human Resources Managers,-3.57,-2.51,-0.62,-2.23
"Mathematical Science Teachers, Postsecondary",-1.83,-2.16,-2.86,-2.28
Nurse Midwives,-2.00,-2.47,-2.39,-2.29
"Paving, Surfacing, and Tamping Equipment Operators",-0.59,-1.54,-4.74,-2.29
Economists,-1.21,-2.85,-2.81,-2.29
Marine Engineers and Naval Architects,-2.06,-3.10,-1.72,-2.29
Clergy,-3.44,-3.10,-0.37,-2.30
"Economics Teachers, Postsecondary",-0.95,-1.64,-4.32,-2.30
Agricultural Engineers,-1.06,-2.03,-3.84,-2.31
Training and Development Managers,-2.58,-2.61,-1.80,-2.33
"Administrative Law Judges, Adjudicators, and Hearing Officers",-2.99,-4.00,-0.00,-2.33
Art Therapists,-0.93,-1.64,-4.51,-2.36
Materials Scientists,-1.07,-2.34,-3.70,-2.37
Sales Engineers,-2.33,-2.40,-2.48,-2.40
"Physicians, Pathologists",-2.02,-4.26,-0.98,-2.42
Healthcare Social Workers,-2.03,-2.00,-3.26,-2.43
"Psychology Teachers, Postsecondary",-2.56,-2.36,-2.39,-2.44
"Pediatricians, General",-2.48,-3.94,-0.91,-2.45
"Atmospheric, Earth, Marine, and Space Sciences Teachers, Postsecondary",-2.38,-2.99,-2.02,-2.46
Security Managers,-1.70,-3.05,-2.68,-2.48
Logging Equipment Operators,-1.78,-2.69,-3.00,-2.49
Advanced Practice Psychiatric Nurses,-2.70,-2.71,-2.08,-2.50
Judicial Law Clerks,-1.29,-2.41,-3.83,-2.51
"Library Science Teachers, Postsecondary",-2.30,-2.99,-2.24,-2.51
"Ophthalmologists, Except Pediatric",-2.73,-4.49,-0.34,-2.52
Public Relations Specialists,-1.40,-1.58,-4.60,-2.52
Biostatisticians,-2.72,-3.65,-1.25,-2.54
Computer Hardware Engineers,-1.08,-1.34,-5.24,-2.55
"Chemistry Teachers, Postsecondary",-2.03,-2.48,-3.16,-2.55
School Psychologists,-2.53,-2.43,-2.76,-2.57
Fire-Prevention and Protection Engineers,-0.92,-2.55,-4.28,-2.58
Naturopathic Physicians,-1.66,-3.86,-2.27,-2.59
Transportation Engineers,-1.35,-3.24,-3.19,-2.60
Clinical Nurse Specialists,-2.17,-2.13,-3.50,-2.60
Urologists,-2.24,-4.34,-1.24,-2.61
General Internal Medicine Physicians,-1.90,-3.48,-2.50,-2.63
"Mixing and Blending Machine Setters, Operators, and Tenders",0.51,-0.52,-7.92,-2.64
Bioinformatics Scientists,-1.77,-3.84,-2.51,-2.71
Microsystems Engineers,-1.09,-2.49,-4.84,-2.81
Emergency Management Directors,-3.83,-2.89,-1.71,-2.81
Speech-Language Pathologists,-2.57,-4.33,-1.55,-2.82
Geneticists,-1.80,-4.17,-2.52,-2.83
Obstetricians and Gynecologists,-2.86,-4.19,-1.50,-2.85
Civil Engineers,-1.55,-3.87,-3.14,-2.86
Marriage and Family Therapists,-3.09,-2.73,-2.75,-2.86
Epidemiologists,-3.88,-4.33,-0.48,-2.89
Physician Assistants,-1.67,-2.62,-4.41,-2.90
Bioengineers and Biomedical Engineers,-2.30,-3.25,-3.16,-2.90
"Airline Pilots, Copilots, and Flight Engineers",-2.68,-7.03,0.94,-2.92
Actuaries,-2.87,-3.80,-2.14,-2.94
Mathematicians,-2.85,-4.88,-1.09,-2.94
Music Therapists,-0.99,-2.05,-5.84,-2.96
Manufacturing Engineers,-2.63,-3.83,-2.55,-3.00
"Anthropology and Archeology Teachers, Postsecondary",-3.79,-3.76,-1.46,-3.00
Family Medicine Physicians,-3.23,-3.94,-1.87,-3.02
Hospitalists,-2.88,-3.42,-2.76,-3.02
Physical Medicine and Rehabilitation Physicians,-2.47,-3.23,-3.42,-3.04
Radiologists,-2.70,-3.66,-2.79,-3.05
Aerospace Engineers,-2.41,-2.58,-4.20,-3.06
Nanosystems Engineers,-2.10,-4.21,-2.90,-3.07
"Physics Teachers, Postsecondary",-2.58,-2.80,-4.04,-3.14
Automotive Engineers,-1.88,-3.36,-4.30,-3.18
"Arbitrators, Mediators, and Conciliators",-3.85,-2.06,-3.68,-3.20
"Social Work Teachers, Postsecondary",-3.56,-2.98,-3.11,-3.22
"Medical Scientists, Except Epidemiologists",-3.03,-3.56,-3.14,-3.24
Oral and Maxillofacial Surgeons,-2.46,-5.68,-1.59,-3.24
Nuclear Engineers,-2.95,-3.28,-3.50,-3.24
Sports Medicine Physicians,-2.75,-3.90,-3.12,-3.25
Lawyers,-3.76,-4.81,-1.25,-3.27
Treasurers and Controllers,-2.84,-2.61,-4.80,-3.42
Psychiatrists,-3.97,-3.66,-2.74,-3.46
"Education Administrators, Kindergarten through Secondary",-5.98,-4.47,0.06,-3.46
Statisticians,-1.04,-3.30,-6.09,-3.47
Neuropsychologists,-3.18,-4.52,-2.77,-3.49
"Engineering Teachers, Postsecondary",-1.89,-3.15,-5.56,-3.53
Astronomers,-2.02,-4.47,-4.30,-3.60
Chemical Engineers,-2.78,-3.08,-5.08,-3.65
Molecular and Cellular Biologists,-3.23,-5.00,-2.75,-3.66
Photonics Engineers,-1.62,-3.63,-5.83,-3.69
Tapers,,-2.04,-5.35,-3.69
Clinical Neuropsychologists,-2.94,-3.52,-4.66,-3.70
Industrial-Organizational Psychologists,-3.61,-3.78,-4.02,-3.80
Neurologists,-3.70,-4.74,-3.14,-3.86
"Law Teachers, Postsecondary",-3.14,-3.65,-5.06,-3.95
Chief Executives,-6.46,-4.00,-1.40,-3.95
Robotics Engineers,-2.59,-3.81,-5.55,-3.98
Clinical and Counseling Psychologists,-2.36,-3.25,-6.41,-4.01
Preventive Medicine Physicians,-5.45,-4.61,-1.97,-4.01
"Judges, Magistrate Judges, and Magistrates",-4.44,-4.20,-3.54,-4.06
Mental Health Counselors,-3.04,-4.45,-5.02,-4.17
Emergency Medicine Physicians,-3.63,-5.43,-4.33,-4.47
Biochemists and Biophysicists,-3.71,-4.93,-4.79,-4.48
Physicists,-3.81,-7.30,-7.02,-6.04
